2.947004,2.354666,1.000000
-0.766175,3.975296,1.000000
-1.861328,-0.079863,-1.000000
0.589288,3.044160,1.000000
-0.290415,-0.695371,-1.000000
-0.200156,1.211606,1.000000
0.336681,2.034159,1.000000
2.432752,2.191425,1.000000
-1.846640,-2.010157,-1.000000
1.382644,-0.162213,-1.000000
1.025122,-0.237733,1.000000
1.125733,1.173970,1.000000
-2.555839,-2.323117,-1.000000
-0.578563,-0.527875,-1.000000
-0.787780,-1.872994,-1.000000
0.394127,1.443094,1.000000
0.271529,-2.481158,-1.000000
2.814767,3.801067,1.000000
1.322685,2.978321,1.000000
0.289586,0.586601,1.000000
2.579715,1.325187,1.000000
-0.345116,0.347762,1.000000
-0.251436,-1.659300,-1.000000
-1.000256,-0.604002,-1.000000
1.857155,1.782576,1.000000
-0.651400,0.196494,-1.000000
-1.941713,-1.235104,-1.000000
-2.331446,-0.888721,-1.000000
-1.503002,0.496333,-1.000000
-1.718418,-1.829478,-1.000000
-1.114915,-2.714887,-1.000000
-1.568018,-0.070982,-1.000000
1.951164,-0.267064,1.000000
-1.227736,0.538335,-1.000000
-1.641629,-1.468854,-1.000000
-0.604101,-0.472167,-1.000000
-3.397839,0.198281,-1.000000
-0.272301,0.931752,-1.000000
0.453618,0.487665,-1.000000
0.681164,0.472818,1.000000
-0.661526,-1.095533,-1.000000
-0.039071,-2.677714,-1.000000
0.973191,0.631697,1.000000
-0.557609,1.013764,1.000000
-0.131980,-0.216793,-1.000000
2.947191,-1.093751,1.000000
1.436923,1.836595,1.000000
-2.214061,-0.279920,-1.000000
-1.207142,-1.154535,-1.000000
-0.464541,-1.063038,-1.000000
1.107775,0.934912,1.000000
-0.079943,1.000754,1.000000
0.260646,-0.215841,1.000000
0.679910,0.946904,1.000000
-0.939243,-0.726539,-1.000000
-1.814499,-0.304697,-1.000000
1.438536,1.148525,1.000000
1.435346,2.021732,1.000000
1.045543,0.344457,1.000000
-0.619701,-2.576549,-1.000000
-0.770249,-1.851144,-1.000000
-1.177894,-1.361261,-1.000000
-0.132148,0.271547,1.000000
-0.488936,-0.585790,1.000000
-1.992560,-0.541234,-1.000000
1.500391,1.509738,1.000000
-1.809906,0.832757,-1.000000
0.035522,-0.381116,-1.000000
0.214937,0.466171,1.000000
0.073303,-0.502286,1.000000
0.552821,-0.523799,1.000000
1.782801,-1.232087,1.000000
-2.311407,-1.072785,-1.000000
-0.732912,-1.187630,-1.000000
-0.956963,-0.096138,-1.000000
1.314461,-1.733180,1.000000
-2.428580,-0.503930,-1.000000
0.727078,2.882746,1.000000
-0.165990,-0.964831,-1.000000
0.325716,1.051438,1.000000
-3.186660,-0.934573,-1.000000
0.005463,0.749875,1.000000
1.400940,2.055666,1.000000
-1.449390,-1.062222,-1.000000
0.908947,2.415478,1.000000
-1.683259,-0.865114,-1.000000
1.576032,1.457222,1.000000
1.152233,0.591406,1.000000
0.263995,-0.221072,1.000000
-1.135092,-1.145989,-1.000000
-0.101074,-0.686303,-1.000000
0.671234,2.370128,1.000000
-2.001435,0.142434,-1.000000
-1.465121,0.224566,-1.000000
-0.470772,-1.465240,-1.000000
2.201247,0.159697,1.000000
2.201413,1.980822,1.000000
1.342149,1.514451,1.000000
1.378870,2.054559,1.000000
-2.609348,-0.326799,-1.000000
-0.676731,-1.703211,-1.000000
1.059068,0.506828,1.000000
-0.549721,-0.819769,-1.000000
1.557661,0.628388,1.000000
1.957119,0.777719,1.000000
-1.759556,1.206693,-1.000000
0.234836,-0.353283,-1.000000
-1.057736,-0.793031,-1.000000
1.921686,1.310559,1.000000
-2.030935,1.150752,-1.000000
0.214613,-1.436082,-1.000000
1.171217,1.380555,1.000000
-0.909712,-1.285726,-1.000000
0.423004,0.480573,-1.000000
1.893317,-0.181683,1.000000
-0.364921,1.297813,1.000000
1.616703,0.959448,1.000000
-0.830259,0.573346,1.000000
-2.122772,-1.763171,-1.000000
0.113625,2.289145,1.000000
0.117510,1.912814,1.000000
0.651306,1.874033,1.000000
0.150491,-0.809024,-1.000000
-1.898186,-0.517735,-1.000000
-2.476389,-1.875206,-1.000000
-2.490706,-0.810264,-1.000000
-1.692202,-2.048143,-1.000000
0.035521,1.021485,1.000000
-3.039347,-0.623557,-1.000000
-1.246837,-0.255664,-1.000000
-0.293987,0.931395,1.000000
1.145118,1.212408,1.000000
-1.805944,-0.052452,-1.000000
-1.263889,-0.303855,-1.000000
0.438083,-1.832250,-1.000000
0.865914,1.427876,1.000000
-0.118887,-0.556399,-1.000000
-0.218339,3.585112,1.000000
-2.645048,-1.233347,-1.000000
-0.340518,-0.220163,-1.000000
0.958513,-0.592740,1.000000
2.122104,1.487807,1.000000
-3.240688,-1.378503,-1.000000
-1.743593,-0.724750,-1.000000
-0.595445,-1.967355,-1.000000
-2.107518,-0.342462,-1.000000
-0.734288,-1.057910,-1.000000
-2.240745,0.016388,-1.000000
1.530371,1.759915,1.000000
0.179581,3.226306,1.000000
-2.146609,-2.414147,-1.000000
2.258001,1.180075,1.000000
-0.052511,-1.149057,-1.000000
1.778298,1.316555,1.000000
2.207749,2.885665,1.000000
0.922018,-1.159973,-1.000000
-1.329771,-2.345978,-1.000000
-0.430765,-0.561492,-1.000000
-0.274094,-1.894438,-1.000000
1.130544,0.298982,-1.000000
-0.923728,-0.244741,-1.000000
0.768492,1.064537,1.000000
-2.105235,-1.477448,-1.000000
1.163640,1.126782,1.000000
-0.537297,-2.942770,-1.000000
2.036401,0.588182,1.000000
-0.739372,0.474259,1.000000
-2.250460,-0.146116,-1.000000
-0.828714,-1.746942,-1.000000
0.380234,-1.055519,-1.000000
-1.860896,-1.999939,-1.000000
1.861293,1.144063,1.000000
1.543443,1.685021,1.000000
1.566496,1.639111,1.000000
-3.296515,-0.934185,-1.000000
0.621121,-2.455532,-1.000000
2.301351,2.738063,1.000000
1.423610,0.370693,1.000000
-0.607908,0.674440,1.000000
-1.188263,-0.595931,-1.000000
-1.955818,-0.658805,-1.000000
-0.798922,-0.324840,-1.000000
0.356871,1.631298,1.000000
-1.274204,-1.433834,-1.000000
-3.764556,-0.414599,-1.000000
1.541228,0.993131,1.000000
-1.801067,-0.204443,-1.000000
0.976608,1.423019,1.000000
0.310462,1.631781,1.000000
0.267751,-2.364552,-1.000000
-0.862666,-1.625284,-1.000000
1.083496,0.131260,1.000000
1.873282,0.712816,1.000000
-1.454124,-0.192335,-1.000000
-1.495394,-2.510272,-1.000000
-2.296219,-1.757666,-1.000000
-1.587949,-0.887525,-1.000000
-1.176792,-1.121967,1.000000
-0.547293,-0.678048,-1.000000
-0.622070,-0.788928,-1.000000
-1.559946,-0.236907,-1.000000
0.172471,0.326919,1.000000
-3.177679,1.105382,-1.000000
-2.436624,-0.914349,-1.000000
-2.644261,-1.987173,-1.000000
-0.105003,0.515938,1.000000
-1.650489,-0.496818,-1.000000
1.342834,1.301503,1.000000
-0.564045,-2.782869,-1.000000
2.115780,2.741590,1.000000
2.873605,2.245268,1.000000
-0.508959,-0.068647,-1.000000
-0.343291,-1.246773,-1.000000
-0.998573,0.104620,-1.000000
2.823397,2.350713,1.000000
0.063815,0.572450,1.000000
0.737985,2.722794,1.000000
1.085727,1.492873,1.000000
0.092877,0.595921,1.000000
0.617890,0.538666,1.000000
2.640203,2.121714,1.000000
0.381420,2.466678,1.000000
-0.740495,0.381157,1.000000
-0.447769,0.053621,1.000000
0.649655,1.201922,-1.000000
1.142323,0.851679,1.000000
1.353666,0.975001,1.000000
-0.578617,0.223051,-1.000000
-0.129647,-1.207782,-1.000000
1.190694,-1.596197,-1.000000
-0.037512,-3.084976,-1.000000
0.491776,0.632746,1.000000
-2.519326,-2.533377,-1.000000
1.461292,1.634630,1.000000
-0.888752,-2.735432,-1.000000
-0.564801,-1.707970,-1.000000
0.627545,-0.228658,1.000000
-0.885732,-1.362546,-1.000000
-0.004469,-0.129019,1.000000
0.786043,-0.862271,-1.000000
-0.074152,-0.379613,-1.000000
-0.661173,-2.307133,-1.000000
-1.460492,-2.767031,-1.000000
-0.581690,0.001709,-1.000000
-0.777403,-1.499939,-1.000000
-0.527075,-0.568184,-1.000000
-1.767178,-0.622814,-1.000000
1.758415,2.307841,1.000000
1.267734,0.319580,1.000000
-1.897199,-0.792043,-1.000000
-1.217531,-0.825559,-1.000000
-2.223166,1.371031,1.000000
-0.378014,-1.749973,-1.000000
0.857212,-0.125495,1.000000
2.581005,1.380442,1.000000
0.205828,-0.918730,-1.000000
-0.587608,0.688861,1.000000
-1.464690,-1.349537,-1.000000
-0.848945,-1.177443,-1.000000
2.398128,2.450045,1.000000
1.526714,2.306277,1.000000
-2.678051,0.007696,-1.000000
1.074615,2.519607,1.000000
-2.076008,-1.662454,-1.000000
0.457844,0.362690,1.000000
1.361924,2.104505,1.000000
-0.303346,-2.146568,-1.000000
-0.184012,-0.515382,-1.000000
0.835582,-0.115201,1.000000
0.465574,-1.567584,-1.000000
1.929144,1.330705,1.000000
-0.754549,-0.495385,-1.000000
0.241985,-0.550731,-1.000000
-0.997650,-0.167488,-1.000000
-0.692157,-0.394042,-1.000000
0.994268,-2.168563,-1.000000
2.430487,2.186067,1.000000
-2.330425,-1.170224,-1.000000
0.956365,1.642567,1.000000
-0.354530,-3.051664,-1.000000
0.696744,1.218138,1.000000
0.082502,0.063456,1.000000
1.763576,-0.114683,-1.000000
2.305481,-0.448289,1.000000
0.052613,-0.945165,-1.000000
0.879102,0.496137,1.000000
-0.929519,1.642989,1.000000
0.823237,0.392567,1.000000
-1.419634,0.169645,-1.000000
2.674167,0.880025,1.000000
0.461759,0.214770,1.000000
-0.028150,1.352721,1.000000
-0.121715,0.737956,1.000000
0.700712,-3.155725,-1.000000
-0.047404,0.480523,1.000000
2.661233,0.359184,1.000000
2.341073,0.049795,1.000000
0.624510,2.541908,1.000000
-1.391799,-2.551191,-1.000000
-0.616622,-3.596569,-1.000000
0.838595,0.250081,1.000000
-1.077231,-0.239467,-1.000000
0.508089,1.104929,1.000000
2.063062,-0.243813,1.000000
-2.019564,-0.800047,-1.000000
1.781519,2.170848,1.000000
-1.157318,1.593006,1.000000
2.077013,1.983348,1.000000
0.720454,0.459706,1.000000
1.385117,1.165717,1.000000
0.239424,-1.854642,-1.000000
-0.502387,0.822040,1.000000
0.431149,-0.098228,-1.000000
-1.481973,-0.933488,-1.000000
-0.067325,0.078046,-1.000000
2.169127,-0.648143,1.000000
1.271119,-2.345874,-1.000000
0.009904,-0.541847,-1.000000
-0.169657,-1.105863,-1.000000
1.739330,1.164992,1.000000
1.885806,-1.311601,1.000000
-1.039252,-0.531314,-1.000000
-0.605682,0.981217,1.000000
0.274040,0.054996,-1.000000
-1.717150,-2.704321,-1.000000
-1.372311,-1.255787,-1.000000
1.133150,0.673920,1.000000
-2.097512,-0.928003,-1.000000
-0.693719,-2.566094,-1.000000
-1.557282,-0.894310,-1.000000
2.257637,0.730213,1.000000
-0.070736,1.715648,1.000000
1.681714,-2.587144,1.000000
-1.292630,-1.540005,-1.000000
0.880868,2.961499,1.000000
2.094321,1.493751,1.000000
-0.762107,-0.599256,-1.000000
0.893773,1.413013,1.000000
0.257649,-1.057208,-1.000000
-3.616500,-4.391155,-1.000000
0.837624,-0.508420,1.000000
0.589060,2.519241,1.000000
-0.792114,-1.743213,-1.000000
1.242627,0.457119,1.000000
-2.000723,0.369870,-1.000000
-1.055940,2.580537,1.000000
-0.772490,-3.233771,-1.000000
1.055847,-1.108872,1.000000
1.655192,1.366852,1.000000
-0.968095,-0.967672,-1.000000
1.859133,0.415121,1.000000
-0.043062,-0.277155,-1.000000
-1.356821,-0.607693,-1.000000
0.473784,-0.182848,1.000000
0.294926,0.595577,1.000000
-0.428498,0.431824,1.000000
-0.983306,-2.148185,-1.000000
-0.265829,-0.785534,-1.000000
-0.005003,-2.333864,-1.000000
-1.116528,-2.282775,-1.000000
-0.324170,1.072090,1.000000
-1.219380,-0.179917,-1.000000
-0.539097,-0.484729,-1.000000
1.216895,0.145646,1.000000
-2.573523,-1.501181,-1.000000
0.269514,0.778602,1.000000
-1.206697,0.058032,-1.000000
0.428659,1.167964,1.000000
-0.598815,-0.680112,-1.000000
-1.290520,-1.857596,-1.000000
-2.043248,-0.732853,-1.000000
1.173601,1.243457,1.000000
-1.205755,0.687917,-1.000000
-1.879717,0.134410,-1.000000
-0.343000,-0.048799,1.000000
-0.193303,-0.594353,1.000000
1.294586,-0.434568,1.000000
0.090481,-1.048834,-1.000000
1.641952,0.860289,1.000000
-0.715407,0.735272,-1.000000
-1.258089,-0.819146,-1.000000
1.973427,1.026565,1.000000
1.207471,0.480863,1.000000
0.210693,-0.651960,-1.000000
-0.245752,-0.361334,-1.000000
-3.052476,0.707005,-1.000000
-0.429656,-1.287326,-1.000000
0.771979,1.605095,1.000000
-1.335470,-1.344503,-1.000000
-1.542667,0.771254,-1.000000
-1.680809,-1.735796,-1.000000
1.689097,-1.733899,-1.000000
-0.910152,0.505711,-1.000000
-0.352473,1.510305,1.000000
-1.107463,-2.660787,1.000000
2.050818,1.677096,1.000000
0.536640,1.190091,1.000000
-2.210350,-1.643849,-1.000000
-1.976089,-1.093028,-1.000000
-0.129877,-1.385957,-1.000000
0.541679,1.238524,1.000000
2.138298,0.746303,1.000000
-0.880141,-0.847255,-1.000000
-0.935607,0.539403,1.000000
1.225940,1.159575,1.000000
-1.338383,-0.050047,-1.000000
0.149373,0.221243,1.000000
-0.338246,2.178524,1.000000
0.058154,2.656687,1.000000
-0.575741,-2.109069,-1.000000
3.529527,1.550505,1.000000
1.740276,-0.644213,1.000000
0.601960,1.077076,1.000000
-0.305640,1.116022,1.000000
-0.192221,-1.330422,-1.000000
-0.110442,-1.722949,-1.000000
-2.126387,-0.423107,-1.000000
-1.543115,-2.292928,-1.000000
3.078616,0.346961,1.000000
-0.878774,-2.304455,-1.000000
-1.389917,-0.897299,-1.000000
-0.406236,3.438965,1.000000
-0.279427,-1.318716,-1.000000
2.372407,-0.825553,1.000000
0.438066,-0.551940,1.000000
-0.577400,-0.925397,-1.000000
0.011023,0.441813,1.000000
1.152148,-3.035280,-1.000000
1.203724,1.679089,1.000000
0.907229,2.513477,1.000000
-0.566559,-1.334814,-1.000000
-1.587920,-1.041085,-1.000000
-0.424629,-1.097733,-1.000000
-1.208789,-1.081775,-1.000000
-0.467576,2.519341,1.000000
-0.550464,-2.211264,-1.000000
0.598582,0.206647,1.000000
0.299266,2.072360,1.000000
-0.912561,-0.421012,-1.000000
-0.337270,-1.266574,-1.000000
-1.064016,-0.624248,-1.000000
1.450887,0.968162,1.000000
-0.424334,-1.457246,-1.000000
-0.885205,0.906402,-1.000000
1.393630,2.542530,1.000000
1.467405,2.366380,1.000000
-2.146720,-1.242605,-1.000000
3.077318,1.409909,1.000000
-1.603610,-2.671781,-1.000000
0.097340,-0.072581,1.000000
-2.808229,-1.918678,-1.000000
-1.153789,-1.059605,-1.000000
0.756834,0.133830,-1.000000
1.484267,1.683614,1.000000
-1.840956,-2.005818,-1.000000
-2.175623,0.121596,-1.000000
1.006866,-0.120448,1.000000
0.009504,-1.179927,-1.000000
-0.213302,1.228569,1.000000
-3.192499,-1.800945,-1.000000
-1.522413,1.045579,1.000000
0.025759,0.997556,-1.000000
-0.747064,-0.674124,-1.000000
-0.210663,-1.846674,-1.000000
0.254255,0.993340,1.000000
-0.070493,3.544874,1.000000
-0.305393,0.459180,1.000000
-2.387034,-1.026490,-1.000000
1.839084,-0.035540,1.000000
1.343523,0.365359,1.000000
-3.561175,-0.303994,-1.000000
1.900738,0.699993,1.000000
2.032465,2.098523,1.000000
-1.215185,0.086262,-1.000000
-1.958650,-0.141033,-1.000000
1.473997,2.156465,1.000000
3.230117,1.333524,1.000000
-1.271344,-0.767915,-1.000000
0.796414,2.340035,1.000000
0.934587,2.304185,1.000000
1.675456,2.166974,1.000000
-1.347860,-1.142582,-1.000000
0.240176,-0.270236,-1.000000
-0.454242,-1.054860,-1.000000
0.686366,1.699064,1.000000
-1.180426,-0.085435,-1.000000
-0.743432,0.149033,-1.000000
1.082898,-1.190488,-1.000000
0.044130,0.208006,1.000000
-2.280651,-0.529001,-1.000000
0.790553,-0.157457,1.000000
-1.846649,-0.753751,-1.000000
-0.142616,-1.345206,-1.000000
-1.862818,-0.981414,-1.000000
0.186714,-0.834698,1.000000
0.568662,-1.444110,-1.000000
-1.654143,-0.747267,-1.000000
-0.526081,0.265257,-1.000000
0.042090,2.187168,1.000000
-0.667832,-2.556883,-1.000000
-1.419878,-1.653169,-1.000000
-0.152371,0.858434,1.000000
2.473592,-0.034702,1.000000
-0.599787,-3.052559,-1.000000
0.352344,0.765647,1.000000
1.079273,2.006012,1.000000
1.164512,0.513623,1.000000
0.983943,2.805664,1.000000
0.919968,1.612922,1.000000
0.332468,0.889445,1.000000
-0.559075,-4.099483,-1.000000
-1.235316,-2.405744,-1.000000
-0.399001,-2.176131,-1.000000
-0.441839,-1.871357,-1.000000
0.990513,-0.956816,-1.000000
2.307711,0.057015,1.000000
-0.568241,0.962632,1.000000
-0.214374,0.120191,-1.000000
0.931411,0.288920,1.000000
-1.398829,-0.312628,-1.000000
-1.358780,-1.032118,-1.000000
1.737239,3.365425,1.000000
0.539360,1.495447,1.000000
0.100368,1.421455,1.000000
1.928006,-0.188084,1.000000
2.117098,-0.273959,1.000000
0.370067,-1.695753,-1.000000
0.404529,-0.837431,1.000000
-0.139467,0.680624,1.000000
-1.092025,-0.174155,-1.000000
-1.698387,0.475069,-1.000000
1.271260,0.272495,1.000000
2.266794,-0.654226,1.000000
-2.430730,-2.007976,-1.000000
2.417605,2.570155,1.000000
-0.222833,-1.686629,-1.000000
0.423857,-1.433455,-1.000000
-2.716855,0.480566,-1.000000
0.249635,1.096650,1.000000
1.463533,0.762070,1.000000
-2.395877,-1.167948,-1.000000
-1.719775,0.043883,-1.000000
-1.192516,-0.340851,-1.000000
-1.331045,-0.306783,-1.000000
-0.223229,-0.675909,-1.000000
-1.430165,-0.022722,-1.000000
-0.622137,-0.645474,-1.000000
-0.779199,-1.831187,-1.000000
3.011515,0.625061,1.000000
1.333922,-0.524646,-1.000000
0.360428,1.856479,1.000000
0.042633,1.682306,1.000000
2.197256,0.311140,1.000000
-3.209352,-1.523728,-1.000000
-1.620819,1.294762,1.000000
-2.150755,0.422070,-1.000000
1.000511,0.829385,1.000000
2.020872,0.257860,1.000000
0.155616,-0.025649,1.000000
-3.177005,-1.918563,-1.000000
0.431341,1.005754,1.000000
1.027676,1.737902,1.000000
-0.323587,1.105915,1.000000
-0.986106,-1.413170,-1.000000
-2.325281,-2.280312,-1.000000
-0.228313,-0.774146,-1.000000
2.428099,2.867113,1.000000
-1.340995,-0.477399,-1.000000
0.718739,2.919753,1.000000
0.456274,1.639022,1.000000
2.699031,1.712121,1.000000
1.025101,2.581307,1.000000
0.239853,-0.197907,1.000000
-0.965195,-0.299867,1.000000
1.414973,-1.593134,1.000000
1.026063,2.012189,1.000000
-2.149280,-1.371674,-1.000000
0.974937,0.211928,1.000000
0.319218,0.188610,1.000000
1.545644,1.639912,1.000000
1.421648,1.170182,1.000000
-0.544441,-0.000278,-1.000000
-0.590105,1.129065,1.000000
1.680191,-0.145785,1.000000
-0.224703,-1.425151,-1.000000
-2.550192,-1.130244,-1.000000
1.702586,2.708090,1.000000
-0.424000,0.858754,1.000000
0.054080,0.721837,-1.000000
0.049416,1.061686,-1.000000
0.103300,0.623149,1.000000
-1.657512,-1.021285,-1.000000
0.345332,0.733910,1.000000
1.312690,1.155595,1.000000
1.194905,0.581926,1.000000
-0.250799,-0.757712,-1.000000
2.636376,2.490806,1.000000
-0.219190,-1.161279,-1.000000
0.348597,2.135008,1.000000
0.013207,-2.260021,-1.000000
0.187713,-0.164062,-1.000000
0.774244,0.083354,1.000000
-1.036504,-1.339163,-1.000000
-1.447859,-2.299111,-1.000000
-0.343663,-1.200813,-1.000000
0.872920,0.012510,1.000000
1.414300,1.254709,1.000000
0.015802,-2.405515,-1.000000
1.527884,0.687259,1.000000
0.644952,0.735419,1.000000
-1.253348,0.255011,-1.000000
0.164247,-0.854366,-1.000000
-0.365334,1.292803,1.000000
-1.592788,-1.194748,-1.000000
0.875556,-0.665411,1.000000
-1.329413,-1.860331,-1.000000
0.705266,-0.581495,-1.000000
1.171132,2.866670,1.000000
1.626552,-0.049676,1.000000
0.322059,-1.602638,-1.000000
-0.098914,0.313963,1.000000
1.314120,0.674332,1.000000
-1.675970,-2.002042,-1.000000
0.032337,1.484266,1.000000
-1.227531,-0.713479,-1.000000
0.107833,0.809124,1.000000
-1.300747,-1.147324,-1.000000
1.514699,1.202518,1.000000
1.058117,0.105238,-1.000000
-0.804079,-0.564973,-1.000000
-0.693873,-0.274975,-1.000000
0.104572,-0.302249,-1.000000
-0.349697,-1.347934,-1.000000
-2.061689,0.104979,-1.000000
1.198887,0.184624,1.000000
-0.957291,-0.938483,-1.000000
0.971712,-1.587029,1.000000
-0.215272,0.483424,-1.000000
-0.327434,0.040877,-1.000000
2.684188,0.884493,1.000000
-2.767842,-0.241260,-1.000000
0.209164,-1.549444,-1.000000
-1.296569,-1.237585,-1.000000
-1.978175,-1.553471,-1.000000
0.981627,0.909934,1.000000
-0.915991,0.512004,-1.000000
0.455829,0.870188,1.000000
-0.260579,-2.777587,-1.000000
0.956667,-0.997031,-1.000000
1.142685,1.068629,1.000000
-1.563351,-0.187647,-1.000000
0.790315,-0.798776,1.000000
0.936532,-0.219856,1.000000
1.614811,0.555051,1.000000
0.957393,0.398273,1.000000
-1.504325,-0.531704,-1.000000
0.393501,1.148293,1.000000
0.034546,0.770377,1.000000
1.895251,0.516183,1.000000
-2.328932,-1.537031,-1.000000
0.712794,-0.052837,-1.000000
-1.116366,-2.520468,-1.000000
-1.396317,-0.058966,-1.000000
2.212460,2.085880,1.000000
0.548773,0.953295,1.000000
0.333173,2.118517,1.000000
-0.638305,-1.777538,-1.000000
0.882156,0.861228,1.000000
1.209782,0.971641,1.000000
-0.473926,0.692378,-1.000000
-0.389072,0.932196,1.000000
-1.487009,-1.355167,-1.000000
0.934557,0.938768,1.000000
0.537586,1.779110,1.000000
1.620413,0.895704,1.000000
-2.272918,-0.231130,-1.000000
-1.227839,-1.056699,-1.000000
-2.688437,-0.231353,-1.000000
-1.329163,-0.620424,-1.000000
0.752563,1.519281,1.000000
0.552406,0.866889,1.000000
1.766488,2.166745,1.000000
-0.346118,-0.772574,-1.000000
0.264214,-0.189321,1.000000
0.848588,2.093863,1.000000
-0.528468,0.635604,1.000000
-1.190987,-1.140086,-1.000000
1.563055,0.820809,1.000000
2.192997,-1.205662,1.000000
3.839559,0.649988,1.000000
0.879547,1.806458,1.000000
-0.261991,2.225293,1.000000
0.714803,1.062826,1.000000
1.754668,-0.401395,1.000000
2.515484,0.600367,1.000000
2.697563,0.304448,1.000000
-2.178541,-0.964115,-1.000000
0.612873,2.450516,1.000000
-0.235443,1.061667,1.000000
1.854282,1.525611,1.000000
0.645579,2.099576,1.000000
1.717321,1.243671,1.000000
0.479893,1.885696,1.000000
0.160949,-1.078944,-1.000000
-0.478378,-1.298529,-1.000000
-0.590321,-1.030994,-1.000000
0.489256,-0.071495,-1.000000
-0.085320,0.960622,1.000000
-0.993443,-1.079577,-1.000000
-0.433119,1.094829,1.000000
-0.285848,-1.778196,-1.000000
-0.272969,-0.505318,-1.000000
0.674852,1.831736,1.000000
-1.109784,0.431157,-1.000000
1.103059,1.697791,1.000000
2.141731,2.519031,1.000000
0.850759,0.161291,1.000000
3.303660,0.673386,1.000000
-0.698393,-0.035932,1.000000
0.522732,-0.696158,-1.000000
-1.268494,-0.882740,-1.000000
-0.108973,-2.200526,-1.000000
0.469640,1.982081,1.000000
1.034132,1.024579,1.000000
-2.256919,0.348218,-1.000000
0.315885,2.087431,1.000000
-1.383879,0.010361,-1.000000
0.546629,1.023178,1.000000
-0.231499,1.141668,1.000000
2.047546,0.619716,1.000000
-1.279872,-1.627080,-1.000000
-0.646319,-1.119573,-1.000000
1.403773,-0.902483,1.000000
0.773671,0.072482,1.000000
-0.687348,-2.127736,-1.000000
-1.848183,-0.213339,-1.000000
0.906006,1.907543,1.000000
-0.440936,-1.550339,-1.000000
-2.296299,1.146767,1.000000
-0.596835,-0.032765,-1.000000
1.598109,1.513670,1.000000
2.553222,1.870083,1.000000
-0.507264,-1.221511,-1.000000
-0.253808,-0.624749,-1.000000
0.569397,2.863868,1.000000
0.997825,0.378457,1.000000
-1.405991,-1.634075,-1.000000
-0.012137,1.673324,1.000000
-0.535698,-1.824216,-1.000000
0.079568,1.118777,1.000000
-3.145104,0.199850,-1.000000
-0.335857,1.136737,1.000000
0.168106,-1.890620,1.000000
-0.779430,-1.171138,-1.000000
-0.644500,-1.885545,-1.000000
0.863430,1.320981,1.000000
-2.340064,-0.689691,-1.000000
-0.288478,-0.484277,-1.000000
-0.999114,-0.138977,-1.000000
-0.170632,3.168934,1.000000
1.713233,0.440547,1.000000
-0.910654,-0.331156,-1.000000
0.392226,0.198554,1.000000
-0.680293,-0.502773,-1.000000
0.285940,2.142491,1.000000
1.599433,1.243733,1.000000
-1.230870,-0.842423,-1.000000
3.171882,1.288348,1.000000
-1.002153,-0.520271,-1.000000
1.522899,1.717886,1.000000
-0.940822,-0.500033,-1.000000
1.644710,2.438326,1.000000
-0.604180,0.581885,1.000000
0.687735,0.865472,1.000000
-1.102508,-0.053576,-1.000000
-0.222748,-1.460689,-1.000000
0.047947,-1.283105,-1.000000
-0.113218,1.536004,1.000000
1.845849,0.950207,1.000000
-1.536221,-0.518815,-1.000000
-0.766342,0.248887,-1.000000
0.814703,0.442656,1.000000
0.430229,2.220286,1.000000
-2.760401,-1.000461,-1.000000
-0.040133,-0.775688,-1.000000
0.100169,0.593846,1.000000
-1.178859,-2.455441,-1.000000
0.578825,-0.586638,-1.000000
0.453513,2.051166,1.000000
2.431317,1.423779,1.000000
-0.950186,0.172773,-1.000000
2.179255,0.567512,1.000000
1.462938,1.846693,1.000000
-1.783902,-2.022173,-1.000000
-0.408676,-1.003122,-1.000000
-1.878707,-0.924643,-1.000000
-1.376512,-1.424572,-1.000000
1.223982,0.276419,1.000000
1.834828,-0.255077,1.000000
1.172018,-0.477641,1.000000
1.914613,1.209583,1.000000
0.712532,1.156965,1.000000
0.985221,-0.448849,1.000000
1.852375,1.849584,1.000000
0.675286,1.026552,1.000000
-1.530188,-0.973534,-1.000000
-1.985249,-1.259302,-1.000000
-1.958628,-2.434799,-1.000000
-0.795998,0.871248,-1.000000
0.555706,1.394494,1.000000
0.483832,3.089976,1.000000
-1.074907,-1.145206,-1.000000
-3.275649,-0.564233,-1.000000
-0.712682,0.185215,-1.000000
1.292717,1.850846,1.000000
2.188941,-0.200251,1.000000
0.957951,1.429655,1.000000
0.381496,0.469510,1.000000
-0.110966,-1.603218,-1.000000
0.399303,1.908825,1.000000
0.383640,0.697666,1.000000
-1.648548,-1.510841,-1.000000
1.956722,0.593168,1.000000
2.237730,0.757192,1.000000
1.219493,0.743355,1.000000
-2.523293,-0.983822,-1.000000
2.062550,0.968920,1.000000
1.463403,1.186231,1.000000
1.540700,0.497300,1.000000
-1.553063,-1.544831,-1.000000
0.201991,2.233038,1.000000
2.426966,1.254620,1.000000
0.555800,-0.005092,-1.000000
2.430644,1.815248,1.000000
1.677281,1.484210,1.000000
0.963457,-2.220506,-1.000000
0.781517,-0.473806,1.000000
-2.481952,-1.852345,-1.000000
2.227642,0.990611,1.000000
2.262467,1.477214,1.000000
2.097485,1.063037,1.000000
-0.380374,-1.741223,-1.000000
0.747825,0.524581,1.000000
-0.432536,-2.036903,-1.000000
1.504958,1.633169,1.000000
1.152630,-0.401597,1.000000
1.370379,0.168064,1.000000
-0.370045,1.541869,1.000000
-0.303981,-1.102691,-1.000000
1.343990,0.434873,1.000000
2.729160,0.682389,1.000000
-1.006864,2.530126,1.000000
0.398527,-0.030961,1.000000
2.238820,0.829992,1.000000
0.383008,-0.828427,1.000000
1.011423,0.096711,1.000000
2.021628,1.352268,1.000000
-0.187345,-0.269757,-1.000000
-0.308708,1.419312,1.000000
-0.663050,-1.621499,-1.000000
-1.528997,0.386109,-1.000000
3.373198,2.571841,1.000000
-0.327553,0.527370,-1.000000
-1.555071,-1.447667,-1.000000
1.863719,-1.320131,-1.000000
-1.334593,-1.405836,-1.000000
0.417758,2.477367,1.000000
-0.755359,0.262733,-1.000000
1.676923,1.474317,1.000000
-0.794391,-1.294047,-1.000000
-1.636300,-1.467033,-1.000000
-2.273370,-0.426710,-1.000000
1.047138,0.331430,1.000000
2.539223,0.986864,1.000000
-0.764307,-0.437672,-1.000000
2.100712,1.866366,1.000000
-1.203167,-1.693791,-1.000000
-0.888100,-0.246399,-1.000000
1.142995,2.239524,1.000000
-1.954319,-1.354579,-1.000000
-1.463033,-0.671911,-1.000000
3.214359,-0.750714,1.000000
-0.889923,-2.573061,-1.000000
0.549198,0.622605,1.000000
0.200673,-1.899728,-1.000000
1.908955,0.805046,1.000000
2.067740,2.504092,1.000000
-0.903003,1.242132,1.000000
-1.447558,-0.093293,-1.000000
1.065505,1.677960,1.000000
-0.627339,-0.930559,-1.000000
-2.009373,-1.205320,-1.000000
0.601649,-1.437527,-1.000000
-0.741513,-1.142430,-1.000000
0.462946,1.776139,1.000000
1.062431,2.410129,1.000000
1.493749,2.142556,1.000000
0.622489,1.509216,1.000000
2.161753,0.884941,1.000000
0.081059,-1.608313,-1.000000
-0.562810,0.963604,1.000000
0.735180,1.406404,1.000000
-1.628667,-1.040918,-1.000000
-1.264476,-1.221569,-1.000000
1.222775,1.763740,1.000000
-0.619366,-1.111382,-1.000000
0.142829,1.888557,1.000000
2.812941,-1.741766,1.000000
2.929964,-0.315803,1.000000
1.433874,0.529437,1.000000
1.075401,1.768360,1.000000
0.113465,-1.082307,-1.000000
-2.306767,-0.975725,-1.000000
-0.972986,-0.389108,-1.000000
-1.238728,0.366206,-1.000000
0.041954,-0.954223,-1.000000
-1.539277,-2.356191,-1.000000
1.430176,2.923977,1.000000
-0.856554,0.516148,-1.000000
0.813072,-1.926277,-1.000000
-1.621141,0.063602,-1.000000
-1.257560,0.756465,-1.000000
-0.354773,-2.283528,-1.000000
0.910744,1.025870,1.000000
0.877402,0.201328,1.000000
0.176060,1.231084,1.000000
-1.801177,-0.449221,-1.000000
-2.243444,-1.353520,-1.000000
-0.457353,-1.040502,-1.000000
1.322188,0.523773,1.000000
-0.819029,-1.252029,-1.000000
-0.143664,0.417036,1.000000
1.273183,0.709951,1.000000
-0.925785,-1.447677,-1.000000
-2.379530,-1.165026,-1.000000
0.118100,0.798915,1.000000
-0.730322,1.129487,-1.000000
-0.157448,-2.506860,-1.000000
-1.401580,-0.567410,-1.000000
-0.922950,0.695388,1.000000
-1.362724,-0.938632,-1.000000
-1.522111,-0.874691,-1.000000
-0.484217,0.743487,1.000000
0.038518,3.152597,1.000000
0.339238,-0.090169,1.000000
1.626077,0.123076,-1.000000
0.878655,-0.170013,1.000000
1.542880,-0.334737,1.000000
-1.501731,-1.545319,-1.000000
-0.388208,-0.987981,-1.000000
0.755509,0.731306,1.000000
-3.299827,-0.210854,-1.000000
0.995674,2.295174,1.000000
0.650416,2.970802,1.000000
-0.906242,-0.294151,-1.000000
-0.885985,-1.626017,-1.000000
0.259146,0.894488,1.000000
0.388769,0.716417,1.000000
-2.238295,-2.730745,-1.000000
0.048392,3.207683,1.000000
2.919310,1.630453,1.000000
2.009153,1.651232,1.000000
1.825133,0.730149,1.000000
-1.085420,-0.629730,-1.000000
0.445466,2.524151,1.000000
-0.217075,-1.764439,-1.000000
-3.167433,-0.896454,-1.000000
-0.085955,-0.765796,-1.000000
-3.384316,-1.691454,-1.000000
0.838571,0.223904,1.000000
-0.418937,-1.413689,-1.000000
2.050641,0.262522,1.000000
1.061485,1.128998,1.000000
0.018253,-0.635259,-1.000000
-1.999500,-0.425623,-1.000000
1.059536,1.000398,1.000000
0.644118,1.702009,1.000000
-0.786003,-0.909273,-1.000000
-0.137985,-1.123153,-1.000000
2.488012,-1.101044,1.000000
0.675929,2.006075,1.000000
0.110207,-1.084089,-1.000000
0.959045,-0.931549,1.000000
-2.026633,0.843381,-1.000000
0.464992,3.354303,1.000000
-1.865467,0.595337,-1.000000
0.244700,2.982502,1.000000
-1.366988,0.001681,1.000000
-1.651253,-0.727716,-1.000000
0.730203,0.402718,1.000000
0.900894,0.512130,-1.000000
-2.786164,-1.063445,-1.000000
2.063650,3.528395,1.000000
-0.834893,0.406075,1.000000
-1.156605,-2.053474,-1.000000
-2.007074,2.947197,1.000000
2.137171,2.988133,1.000000
1.957968,-0.618318,1.000000
1.004109,0.360602,1.000000
1.003839,-0.154482,1.000000
-0.275391,0.059933,-1.000000
0.045459,-2.769347,-1.000000
-1.043465,-0.573967,-1.000000
0.832805,-0.267843,1.000000
0.128244,-2.144144,-1.000000
0.110305,-0.378318,-1.000000
0.703833,1.440513,1.000000
0.935718,1.651980,1.000000
0.963105,0.328065,1.000000
-2.364814,-0.706667,-1.000000
1.104358,0.220317,1.000000
-0.518032,0.465032,-1.000000
1.433726,0.532000,1.000000
-1.940359,-0.259085,-1.000000
-1.594746,-0.906078,-1.000000
-0.939070,-0.880493,-1.000000
2.931999,0.274197,1.000000
-0.311362,1.881261,1.000000
-1.418743,0.338999,-1.000000
0.474992,2.119448,1.000000
0.134245,-3.001691,-1.000000
0.315395,2.493932,1.000000
1.404902,1.108477,1.000000
-1.834048,-1.259784,-1.000000
-2.145709,0.203796,-1.000000
-2.237989,0.436184,-1.000000
0.846886,3.667924,1.000000
-0.212570,-0.932110,-1.000000
0.479094,-1.101737,-1.000000
-3.839456,0.455613,-1.000000
-0.055969,-0.579982,-1.000000
1.098345,0.770337,1.000000
0.482946,0.106187,1.000000
0.924506,0.418189,1.000000
-0.992689,-0.945691,-1.000000
0.651205,-0.618418,-1.000000
0.545920,1.599243,1.000000
2.526913,1.150464,1.000000
-2.715017,-2.768687,-1.000000
-0.553580,0.093585,-1.000000
-1.349787,-1.096231,-1.000000
-0.115009,-0.090437,-1.000000
1.112202,2.299328,1.000000
-0.036778,0.040488,-1.000000
0.148108,1.046957,1.000000
1.308170,0.880544,1.000000
2.684256,0.782837,1.000000
-0.924752,-0.040917,-1.000000
0.909890,-1.104468,1.000000
-1.112194,0.682022,-1.000000
-2.837234,-0.229733,-1.000000
0.913471,-0.791336,1.000000
-1.973516,-0.343707,-1.000000
0.945817,0.774861,1.000000
-0.719793,-0.690469,-1.000000
1.795739,0.684981,1.000000
0.268446,0.824225,1.000000
1.191913,2.850162,1.000000
1.353899,1.072301,1.000000
0.435593,0.591894,1.000000
-3.078041,-0.415918,-1.000000
1.649185,2.372689,1.000000
1.270263,0.599455,1.000000
2.022163,0.982227,1.000000
-2.312943,0.555723,-1.000000
-2.278686,-2.149648,-1.000000
-1.440572,-2.353275,-1.000000
-1.616449,-0.335448,-1.000000
0.765355,1.543205,1.000000
0.549435,0.857831,1.000000
0.416480,-0.978933,-1.000000
-2.373009,-1.699521,-1.000000
2.010779,-1.255942,-1.000000
-0.882014,-1.280273,-1.000000
-2.800912,-0.096521,-1.000000
0.888543,2.455934,1.000000
0.174534,-1.167278,-1.000000
-0.851551,-1.193582,-1.000000
0.408470,-0.396265,-1.000000
-2.046613,-0.539222,-1.000000
-1.629716,-0.354194,-1.000000
0.375216,0.332775,1.000000
-3.094856,-0.577576,-1.000000
-0.788903,-0.477714,1.000000
-2.689267,-0.503891,-1.000000
0.660550,2.181626,1.000000
0.102028,-1.263166,-1.000000
0.748407,2.477750,1.000000
-0.922086,-0.061134,-1.000000
3.382869,0.565271,1.000000
-1.678336,1.450111,-1.000000
0.460740,1.873781,1.000000
-1.558526,-0.955170,-1.000000
0.735891,1.607928,1.000000
0.463276,-0.517033,-1.000000
-0.662670,-1.630515,-1.000000
-3.588916,-0.502648,-1.000000
-2.079467,-0.843551,-1.000000
-0.767560,-1.653514,-1.000000
2.291216,0.629927,1.000000
0.498448,-0.858554,1.000000
0.377976,0.990485,1.000000
-2.073547,-1.773137,-1.000000
2.440634,0.318928,1.000000
1.722032,2.610185,1.000000
-0.888829,-0.515371,-1.000000
0.183870,2.039913,1.000000
0.552259,-2.348863,-1.000000
-0.462160,-0.444072,-1.000000
-1.418205,0.174922,-1.000000
0.250326,0.099981,1.000000
2.075323,0.688865,1.000000
0.462302,0.264969,1.000000
-0.842270,-0.756590,-1.000000
-0.987374,1.240288,1.000000
0.777507,-0.446289,-1.000000
0.215776,1.121752,1.000000
0.089306,-0.093913,1.000000
2.940754,3.275948,1.000000
-2.104011,-0.550656,-1.000000
-0.166204,0.570857,1.000000
-0.304390,-0.446244,-1.000000
-2.135317,-1.760854,-1.000000
-0.248571,-0.450660,-1.000000
-1.638373,-0.650430,-1.000000
-2.645441,0.652083,-1.000000
0.728824,1.713446,1.000000
1.010205,0.416745,1.000000
-0.839093,-0.678237,-1.000000
1.574219,-1.609357,1.000000
2.606782,1.302109,1.000000
1.804039,0.480252,1.000000
-0.266544,-1.303413,-1.000000
-2.791550,0.698512,-1.000000
-1.151623,0.349415,-1.000000
-1.994168,-0.177395,-1.000000
-0.652546,1.468469,-1.000000
1.346541,-0.240223,1.000000
1.500629,0.765185,1.000000
-2.909515,-0.538241,-1.000000
-2.812015,-2.842594,-1.000000
0.946041,-0.526642,1.000000
1.604873,1.205399,1.000000
-0.342360,-1.082696,-1.000000
1.529693,0.277234,1.000000
-1.396802,-1.173064,-1.000000
-0.108645,-1.010130,-1.000000
-1.156123,-0.803164,-1.000000
-2.960318,-1.452068,-1.000000
-0.944205,-1.402211,-1.000000
-1.082149,-0.326230,-1.000000
0.318347,-0.418908,-1.000000
0.351383,1.091350,1.000000
-2.178476,-1.601685,-1.000000
0.861863,-0.962264,1.000000
-1.332863,-0.254789,-1.000000
1.812077,1.471123,1.000000
-0.888601,-1.886863,-1.000000
-3.515271,0.267885,-1.000000
0.365047,0.925789,1.000000
1.929118,0.844237,1.000000
-1.911657,-1.365724,-1.000000
0.336098,0.480761,-1.000000
-0.066673,1.413379,1.000000
-2.898349,0.942360,-1.000000
0.079673,1.520767,1.000000
0.627016,0.214927,1.000000
-2.154251,-1.957175,-1.000000
-1.667354,-0.066361,-1.000000
-1.337635,-2.770140,-1.000000
-0.283069,2.232214,1.000000
1.851972,0.183478,1.000000
1.428370,2.038020,1.000000
0.791336,0.703340,1.000000
-1.153835,-0.055337,-1.000000
0.359833,-2.362855,-1.000000
-3.467762,-0.394197,-1.000000
-0.400768,1.828076,1.000000
1.075148,1.402977,1.000000
0.430221,0.814306,1.000000
1.535423,-0.205561,1.000000
-0.536282,-1.646515,-1.000000
1.749186,2.493979,1.000000
1.349279,0.403967,1.000000
0.902932,2.576427,1.000000
0.377891,2.335435,1.000000
1.592251,1.444026,1.000000
-2.995802,-1.431431,-1.000000
0.949168,1.335134,1.000000
0.867415,0.543430,1.000000
-2.879232,-0.386048,-1.000000
0.300061,-0.667475,-1.000000
1.282410,0.781297,1.000000
-0.842079,-0.043732,-1.000000
-1.313403,-1.741922,-1.000000
-0.583206,-1.579603,-1.000000
0.991109,3.213484,1.000000
2.299650,0.769487,1.000000
-0.522176,-0.215972,1.000000
-0.864810,0.151744,1.000000
